{
  "workflow_status": "completed",
  "evaluation_timestamp": "2025-08-17 17:52:59",
  "training_time_seconds": 83.07124590873718,
  "dataset_info": {
    "total_samples": 150,
    "training_samples": 105,
    "test_samples": 45,
    "classes": [
      "setosa",
      "versicolor",
      "virginica"
    ]
  },
  "base_model_metrics": {
    "accuracy": 0.9333333333333333,
    "precision": 0.9369747899159664,
    "recall": 0.9333333333333333,
    "f1_score": 0.9331896551724138,
    "average_confidence": 0.8742222222222225
  },
  "finetuned_model_metrics": {
    "accuracy": 0.9777777777777777,
    "precision": 0.9791666666666666,
    "recall": 0.9777777777777777,
    "f1_score": 0.9777530589543938,
    "average_confidence": 0.9399973747465342
  },
  "improvements": {
    "accuracy_improvement_percent": 4.7619047619047565,
    "f1_improvement_percent": 4.7753855322953145,
    "precision_improvement_percent": 4.502989536621819,
    "recall_improvement_percent": 4.7619047619047565
  },
  "validation_passed": true
}